From,To,Type,Source
Climate Stewards Netherlands,3xM,Names as a partner,https://www.climatestewards.nl/
Climate Stewards,A Rocha International,Is a part of,https://www.climatestewards.org/
Climate Stewards Netherlands,A Rocha Nederland,Is a part of,https://www.climatestewards.nl/
Climate Stewards USA,A Rocha USA,Is a program of,https://climatestewardsusa.org/
Climate Stewards,Africa Inland Mission,Names as a partner,https://www.climatestewards.org/
Climate Stewards Netherlands,Amarant reizen,Names as a partner,https://www.climatestewards.nl/
Climate Stewards,Bible Society,Names as a partner,https://www.climatestewards.org/
Climate Stewards,BMS World Mission,Names as a partner,https://www.climatestewards.org/
Climate Stewards USA,Bread for the world,Names as a partner,https://climatestewardsusa.org/
Climate Stewards USA,Christian Climate Observers Program,Names as a partner,https://climatestewardsusa.org/
Climate Stewards,Christians Against Poverty,Names as a partner,https://www.climatestewards.org/
Climate Stewards,Church Mission Society,Names as a partner,https://www.climatestewards.org/
Climate Stewards Netherlands,Climate Stewards,Is a regional affiliate of,2022 Climate Stewards Annual Report
Climate Stewards USA,Climate Stewards,Is a regional affiliate of,2022 Climate Stewards Annual Report
Climate Stewards Netherlands,Compassion,Names as a partner,https://www.climatestewards.nl/
Climate Stewards Netherlands,Dier all in,Names as a partner,https://www.climatestewards.nl/
Climate Stewards,Diocese of Plymouth,Names as a partner,https://www.climatestewards.org/
Climate Stewards,Eco Synagogue,"Names as partner, donor, or offsetter",2022 Climate Stewards Annual Report
Climate Stewards,EcoBrixs,"Names as partner, donor, or offsetter",2022 Climate Stewards Annual Report
Climate Stewards,Empathy Action,Names as a partner,https://www.climatestewards.org/
Climate Stewards,Episcopal Relief & Development,"Names as partner, donor, or offsetter",2022 Climate Stewards Annual Report
Climate Stewards USA,Evangelical Environmental Network,Names as a partner,https://climatestewardsusa.org/
Climate Stewards,Global Connections,"Names as partner, donor, or offsetter",2022 Climate Stewards Annual Report
Climate Stewards USA,Global Connections,Is a member of,https://climatestewardsusa.org/
Climate Stewards Netherlands,Harmsen Consultancy,Names as a partner,https://www.climatestewards.nl/
Climate Stewards Netherlands,Hulp oost-Europa,Names as a partner,https://www.climatestewards.nl/
Climate Stewards,Interserve,Names as a partner,https://www.climatestewards.org/
Climate Stewards,John Ray Initiative,Names as a partner,https://www.climatestewards.org/
Climate Stewards,Just Fair Laughs,"Names as partner, donor, or offsetter",2022 Climate Stewards Annual Report
Climate Stewards,Mission Aviation Fellowship,Names as a partner,https://www.climatestewards.org/
Climate Stewards Netherlands,Micha Nederland,Names as a partner,https://www.climatestewards.nl/
Climate Stewards,Movement for Good / Benefact Group,Names as a partner,https://www.climatestewards.org/
Climate Stewards,Oddments Theater Co.,"Names as partner, donor, or offsetter",2022 Climate Stewards Annual Report
Climate Stewards,OMF,Names as a partner,https://www.climatestewards.org/
Climate Stewards,Plant with Purpose,"Names as partner, donor, or offsetter",2022 Climate Stewards Annual Report
Climate Stewards,Reach Beyond,"Names as partner, donor, or offsetter",2022 Climate Stewards Annual Report
Climate Stewards,Ripple Effect,Names as a partner,https://www.climatestewards.org/
Climate Stewards Netherlands,Sam Sam,Names as a partner,https://www.climatestewards.nl/
Climate Stewards,Saxton Bampfylde,"Names as partner, donor, or offsetter",2022 Climate Stewards Annual Report
Climate Stewards,Scargill Movement,"Names as partner, donor, or offsetter",2022 Climate Stewards Annual Report
Climate Stewards Netherlands,Serve & Travel Sent,Names as a partner,https://www.climatestewards.nl/
Climate Stewards,SIL,Names as a partner,https://www.climatestewards.org/
Climate Stewards,sportily,"Names as partner, donor, or offsetter",2022 Climate Stewards Annual Report
Climate Stewards,Tearfund,Names as a partner,https://www.climatestewards.org/
Climate Stewards Netherlands,Tearfund,Names as a partner,https://www.climatestewards.nl/
Climate Stewards USA,Tearfund USA,Names as a partner,https://climatestewardsusa.org/
Climate Stewards USA,The Climate Coalition,Is a member of,https://climatestewardsusa.org/
Climate Stewards,The Leprosy Mission International,"Names as partner, donor, or offsetter",2022 Climate Stewards Annual Report
Climate Stewards,The Leprosy Mission of England and Wales,Names as a partner,https://www.climatestewards.org/
Climate Stewards,The Mission to Seafarers,Names as a partner,https://www.climatestewards.org/
Climate Stewards,Tricordant,Names as a partner,https://www.climatestewards.org/
Climate Stewards,USPG,Names as a partner,https://www.climatestewards.org/
Climate Stewards Netherlands,Van Den Berg Hardhout,Names as a partner,https://www.climatestewards.nl/
Climate Stewards,VineTrust,"Names as partner, donor, or offsetter",2022 Climate Stewards Annual Report
Climate Stewards USA,Whitworth University,Names as a partner,https://climatestewardsusa.org/
Climate Stewards Netherlands,World Servants,Names as a partner,https://www.climatestewards.nl/
Climate Stewards,Wycliffe Bible Translators,Names as a partner,https://www.climatestewards.org/
Climate Stewards Netherlands,Wycliffe bijbelvertalers,Names as a partner,https://www.climatestewards.nl/
Climate Stewards USA,Young Evangelicals for Climate Action,Names as a partner,https://climatestewardsusa.org/
